id,bitrate,codec,color_space,name,eotf,frame_rate,original_height,original_width,output_height,output_width
1,5300,HEVC,bt.709,2016WSOBV,SDR,60,1080,1920,720,1280
2,8000,HEVC,bt.709,2016WSOBV,SDR,60,1080,1920,1080,1920
3,3500,HEVC,bt.709,2016WSOBV,SDR,60,1080,1920,720,1280
4,2200,HEVC,bt.709,2016WSOBV,SDR,60,1080,1920,720,1280
5,850,HEVC,bt.709,2016WSOBV,SDR,29,1080,1920,720,1280
6,3500,HEVC,bt.709,2016WSOBV,SDR,60,1080,1920,1080,1920
7,5300,HEVC,bt.709,2016WSOBV,SDR,60,1080,1920,1080,1920
8,850,HEVC,bt.709,2016WSOBV,SDR,29,1080,1920,360,640
9,1300,HEVC,bt.709,2016WSOBV,SDR,29,1080,1920,540,960
10,1300,AVC,bt.709,ABlueMoon,SDR,24,1080,1920,720,1280
11,2000,AVC,bt.709,ABlueMoon,SDR,24,1080,1920,720,1280
12,3000,AVC,bt.709,ABlueMoon,SDR,24,1080,1920,720,1280
13,4500,AVC,bt.709,ABlueMoon,SDR,24,1080,1920,720,1280
14,850,AVC,bt.709,ABlueMoon,SDR,24,1080,1920,720,1280
15,3000,AVC,bt.709,ABlueMoon,SDR,24,1080,1920,1080,1920
16,4500,AVC,bt.709,ABlueMoon,SDR,24,1080,1920,1080,1920
17,7000,AVC,bt.709,ABlueMoon,SDR,24,1080,1920,1080,1920
18,1300,AVC,bt.709,ABlueMoon,SDR,24,1080,1920,540,960
19,850,AVC,bt.709,ABlueMoon,SDR,24,1080,1920,360,640
20,1300,HEVC,bt.709,AdInsertLoop1,SDR,29,1080,1920,720,1280
21,2200,HEVC,bt.709,AdInsertLoop1,SDR,29,1080,1920,720,1280
22,850,HEVC,bt.709,AdInsertLoop1,SDR,29,1080,1920,720,1280
23,1300,HEVC,bt.709,AdInsertLoop1,SDR,60,1080,1920,720,1280
24,2200,HEVC,bt.709,AdInsertLoop1,SDR,60,1080,1920,720,1280
25,3500,HEVC,bt.709,AdInsertLoop1,SDR,60,1080,1920,720,1280
26,5300,HEVC,bt.709,AdInsertLoop1,SDR,60,1080,1920,720,1280
27,3500,HEVC,bt.709,AdInsertLoop1,SDR,60,1080,1920,1080,1920
28,5300,HEVC,bt.709,AdInsertLoop1,SDR,60,1080,1920,1080,1920
29,8000,HEVC,bt.709,AdInsertLoop1,SDR,60,1080,1920,1080,1920
30,850,HEVC,bt.709,AdInsertLoop1,SDR,29,1080,1920,360,640
31,1300,HEVC,bt.709,AdInsertLoop1,SDR,29,1080,1920,540,960
32,1300,HEVC,bt.709,AdInsertLoop2,SDR,29,1080,1920,720,1280
33,2200,HEVC,bt.709,AdInsertLoop2,SDR,29,1080,1920,720,1280
34,850,HEVC,bt.709,AdInsertLoop2,SDR,29,1080,1920,720,1280
35,1300,HEVC,bt.709,AdInsertLoop2,SDR,60,1080,1920,720,1280
36,2200,HEVC,bt.709,AdInsertLoop2,SDR,60,1080,1920,720,1280
37,3500,HEVC,bt.709,AdInsertLoop2,SDR,60,1080,1920,1080,1920
38,5300,HEVC,bt.709,AdInsertLoop2,SDR,60,1080,1920,1080,1920
39,8000,HEVC,bt.709,AdInsertLoop2,SDR,60,1080,1920,1080,1920
40,850,HEVC,bt.709,AdInsertLoop2,SDR,29,1080,1920,360,640
41,1300,HEVC,bt.709,AdInsertLoop2,SDR,29,1080,1920,540,960
42,1300,HEVC,bt.709,BlizzCon,SDR,29,1080,1920,720,1280
43,2200,HEVC,bt.709,BlizzCon,SDR,29,1080,1920,720,1280
44,850,HEVC,bt.709,BlizzCon,SDR,29,1080,1920,720,1280
45,3500,HEVC,bt.709,AdInsertLoop2,SDR,60,1080,1920,720,1280
46,1300,HEVC,bt.709,2016WSOBV,SDR,60,1080,1920,720,1280
47,1300,HEVC,bt.709,BlizzCon,SDR,60,1080,1920,720,1280
48,1300,HEVC,bt.709,2016WSOBV,SDR,29,1080,1920,720,1280
49,2200,HEVC,bt.709,2016WSOBV,SDR,29,1080,1920,720,1280
50,5300,HEVC,bt.709,AdInsertLoop2,SDR,60,1080,1920,720,1280
51,2200,HEVC,bt.709,BlizzCon,SDR,60,1080,1920,720,1280
52,3500,HEVC,bt.709,BlizzCon,SDR,60,1080,1920,720,1280
53,5300,HEVC,bt.709,BlizzCon,SDR,60,1080,1920,720,1280
54,3500,HEVC,bt.709,BlizzCon,SDR,60,1080,1920,1080,1920
55,5300,HEVC,bt.709,BlizzCon,SDR,60,1080,1920,1080,1920
56,8000,HEVC,bt.709,BlizzCon,SDR,60,1080,1920,1080,1920
57,1300,HEVC,bt.709,ByronNelson1,SDR,29,1080,1920,720,1280
58,1300,HEVC,bt.709,BlizzCon,SDR,29,1080,1920,540,960
59,850,HEVC,bt.709,BlizzCon,SDR,29,1080,1920,360,640
60,2200,HEVC,bt.709,ByronNelson1,SDR,29,1080,1920,720,1280
61,850,HEVC,bt.709,ByronNelson1,SDR,29,1080,1920,720,1280
62,1300,HEVC,bt.709,ByronNelson1,SDR,60,1080,1920,720,1280
63,2200,HEVC,bt.709,ByronNelson1,SDR,60,1080,1920,720,1280
64,3500,HEVC,bt.709,ByronNelson1,SDR,60,1080,1920,720,1280
65,5300,HEVC,bt.709,ByronNelson1,SDR,60,1080,1920,720,1280
66,3500,HEVC,bt.709,ByronNelson1,SDR,60,1080,1920,1080,1920
67,5300,HEVC,bt.709,ByronNelson1,SDR,60,1080,1920,1080,1920
68,8000,HEVC,bt.709,ByronNelson1,SDR,60,1080,1920,1080,1920
69,1300,HEVC,bt.709,CFBNevadaNotreDame,SDR,29,1080,1920,720,1280
70,1300,HEVC,bt.709,ByronNelson1,SDR,29,1080,1920,540,960
71,850,HEVC,bt.709,ByronNelson1,SDR,29,1080,1920,360,640
72,2200,HEVC,bt.709,CFBNevadaNotreDame,SDR,29,1080,1920,720,1280
73,850,HEVC,bt.709,CFBNevadaNotreDame,SDR,29,1080,1920,720,1280
74,1300,HEVC,bt.709,CFBNevadaNotreDame,SDR,60,1080,1920,720,1280
75,2200,HEVC,bt.709,CFBNevadaNotreDame,SDR,60,1080,1920,720,1280
76,3500,HEVC,bt.709,CFBNevadaNotreDame,SDR,60,1080,1920,720,1280
77,5300,HEVC,bt.709,CFBNevadaNotreDame,SDR,60,1080,1920,1080,1920
78,5300,HEVC,bt.709,CFBNevadaNotreDame,SDR,60,1080,1920,720,1280
79,3500,HEVC,bt.709,CFBNevadaNotreDame,SDR,60,1080,1920,1080,1920
80,8000,HEVC,bt.709,CFBNevadaNotreDame,SDR,60,1080,1920,1080,1920
81,850,HEVC,bt.709,CFBNotreDameDuke,SDR,29,1080,1920,720,1280
82,1300,HEVC,bt.709,CFBNevadaNotreDame,SDR,29,1080,1920,540,960
83,1300,HEVC,bt.709,CFBNotreDameDuke,SDR,29,1080,1920,720,1280
84,2200,HEVC,bt.709,CFBNotreDameDuke,SDR,29,1080,1920,720,1280
85,850,HEVC,bt.709,CFBNevadaNotreDame,SDR,29,1080,1920,360,640
86,1300,HEVC,bt.709,CFBNotreDameDuke,SDR,60,1080,1920,720,1280
87,2200,HEVC,bt.709,CFBNotreDameDuke,SDR,60,1080,1920,720,1280
88,3500,HEVC,bt.709,CFBNotreDameDuke,SDR,60,1080,1920,720,1280
89,5300,HEVC,bt.709,CFBNotreDameDuke,SDR,60,1080,1920,720,1280
90,3500,HEVC,bt.709,CFBNotreDameDuke,SDR,60,1080,1920,1080,1920
91,5300,HEVC,bt.709,CFBNotreDameDuke,SDR,60,1080,1920,1080,1920
92,850,HEVC,bt.709,CFBNotreDameDuke,SDR,29,1080,1920,360,640
93,8000,HEVC,bt.709,CFBNotreDameDuke,SDR,60,1080,1920,1080,1920
94,1300,HEVC,bt.709,CFBNotreDameDuke,SDR,29,1080,1920,540,960
95,1300,HEVC,bt.709,CMARedCarpet,SDR,29,1080,1920,720,1280
96,2200,HEVC,bt.709,CMARedCarpet,SDR,29,1080,1920,720,1280
97,850,HEVC,bt.709,CMARedCarpet,SDR,29,1080,1920,720,1280
98,1300,HEVC,bt.709,CMARedCarpet,SDR,60,1080,1920,720,1280
99,2200,HEVC,bt.709,CMARedCarpet,SDR,60,1080,1920,720,1280
100,5300,HEVC,bt.709,CMARedCarpet,SDR,60,1080,1920,720,1280
101,3500,HEVC,bt.709,CMARedCarpet,SDR,60,1080,1920,720,1280
102,3500,HEVC,bt.709,CMARedCarpet,SDR,60,1080,1920,1080,1920
103,5300,HEVC,bt.709,CMARedCarpet,SDR,60,1080,1920,1080,1920
104,8000,HEVC,bt.709,CMARedCarpet,SDR,60,1080,1920,1080,1920
105,850,HEVC,bt.709,CMARedCarpet,SDR,29,1080,1920,360,640
106,1300,HEVC,bt.709,CMARedCarpet,SDR,29,1080,1920,540,960
107,1300,AVC,bt.709,CountdownClock,SDR,24,1080,1920,720,1280
108,2000,AVC,bt.709,CountdownClock,SDR,24,1080,1920,720,1280
109,3000,AVC,bt.709,CountdownClock,SDR,24,1080,1920,720,1280
110,4500,AVC,bt.709,CountdownClock,SDR,24,1080,1920,720,1280
111,850,AVC,bt.709,CountdownClock,SDR,24,1080,1920,720,1280
112,3000,AVC,bt.709,CountdownClock,SDR,24,1080,1920,1080,1920
113,7000,AVC,bt.709,CountdownClock,SDR,24,1080,1920,1080,1920
114,850,AVC,bt.709,CountdownClock,SDR,24,1080,1920,360,640
115,4500,AVC,bt.709,CountdownClock,SDR,24,1080,1920,1080,1920
116,1300,AVC,bt.709,CountdownClock,SDR,24,1080,1920,540,960
117,1300,HEVC,bt.709,EPLLiverpoolBurnley,SDR,29,1080,1920,720,1280
118,2200,HEVC,bt.709,EPLLiverpoolBurnley,SDR,29,1080,1920,720,1280
119,1300,HEVC,bt.709,EPLLiverpoolBurnley,SDR,60,1080,1920,720,1280
120,2200,HEVC,bt.709,EPLLiverpoolBurnley,SDR,60,1080,1920,720,1280
121,3500,HEVC,bt.709,EPLLiverpoolBurnley,SDR,60,1080,1920,720,1280
122,850,HEVC,bt.709,EPLLiverpoolBurnley,SDR,29,1080,1920,720,1280
123,5300,HEVC,bt.709,EPLLiverpoolBurnley,SDR,60,1080,1920,720,1280
124,3500,HEVC,bt.709,EPLLiverpoolBurnley,SDR,60,1080,1920,1080,1920
125,5300,HEVC,bt.709,EPLLiverpoolBurnley,SDR,60,1080,1920,1080,1920
126,8000,HEVC,bt.709,EPLLiverpoolBurnley,SDR,60,1080,1920,1080,1920
127,850,HEVC,bt.709,EPLLiverpoolBurnley,SDR,29,1080,1920,360,640
128,1300,HEVC,bt.709,EPLLiverpoolBurnley,SDR,29,1080,1920,540,960
129,1300,AVC,bt.709,GCSCheapTrickInterstitial,SDR,24,1080,1920,720,1280
130,2000,AVC,bt.709,GCSCheapTrickInterstitial,SDR,24,1080,1920,720,1280
131,3000,AVC,bt.709,GCSCheapTrickInterstitial,SDR,24,1080,1920,720,1280
132,4500,AVC,bt.709,GCSCheapTrickInterstitial,SDR,24,1080,1920,1080,1920
133,850,AVC,bt.709,GCSCheapTrickInterstitial,SDR,24,1080,1920,720,1280
134,3000,AVC,bt.709,GCSCheapTrickInterstitial,SDR,24,1080,1920,1080,1920
135,4500,AVC,bt.709,GCSCheapTrickInterstitial,SDR,24,1080,1920,720,1280
136,7000,AVC,bt.709,GCSCheapTrickInterstitial,SDR,24,1080,1920,1080,1920
137,850,AVC,bt.709,GCSCheapTrickInterstitial,SDR,24,1080,1920,360,640
138,1300,AVC,bt.709,GCSCheapTrickInterstitial,SDR,24,1080,1920,540,960
139,1300,AVC,bt.709,GCSConradSewellInterstitial,SDR,24,1080,1920,720,1280
140,2000,AVC,bt.709,GCSConradSewellInterstitial,SDR,24,1080,1920,720,1280
141,3000,AVC,bt.709,GCSConradSewellInterstitial,SDR,24,1080,1920,720,1280
142,4500,AVC,bt.709,GCSConradSewellInterstitial,SDR,24,1080,1920,720,1280
143,850,AVC,bt.709,GCSConradSewellInterstitial,SDR,24,1080,1920,720,1280
144,3000,AVC,bt.709,GCSConradSewellInterstitial,SDR,24,1080,1920,1080,1920
145,4500,AVC,bt.709,GCSConradSewellInterstitial,SDR,24,1080,1920,1080,1920
146,7000,AVC,bt.709,GCSConradSewellInterstitial,SDR,24,1080,1920,1080,1920
147,850,AVC,bt.709,GCSConradSewellInterstitial,SDR,24,1080,1920,360,640
148,1300,AVC,bt.709,GCSConradSewellInterstitial,SDR,24,1080,1920,540,960
149,1300,AVC,bt.709,GCSDaughtryInterstitial,SDR,24,1080,1920,720,1280
150,2000,AVC,bt.709,GCSDaughtryInterstitial,SDR,24,1080,1920,720,1280
151,3000,AVC,bt.709,GCSDaughtryInterstitial,SDR,24,1080,1920,720,1280
152,4500,AVC,bt.709,GCSDaughtryInterstitial,SDR,24,1080,1920,720,1280
153,850,AVC,bt.709,GCSDaughtryInterstitial,SDR,24,1080,1920,720,1280
154,3000,AVC,bt.709,GCSDaughtryInterstitial,SDR,24,1080,1920,1080,1920
155,7000,AVC,bt.709,GCSDaughtryInterstitial,SDR,24,1080,1920,1080,1920
156,4500,AVC,bt.709,GCSDaughtryInterstitial,SDR,24,1080,1920,1080,1920
157,850,AVC,bt.709,GCSDaughtryInterstitial,SDR,24,1080,1920,360,640
158,1300,AVC,bt.709,GCSDaughtryInterstitial,SDR,24,1080,1920,540,960
159,1300,AVC,bt.709,GCSFitzAndTheTantrumsInterstitial,SDR,24,1080,1920,720,1280
160,2000,AVC,bt.709,GCSFitzAndTheTantrumsInterstitial,SDR,24,1080,1920,720,1280
161,3000,AVC,bt.709,GCSFitzAndTheTantrumsInterstitial,SDR,24,1080,1920,720,1280
162,4500,AVC,bt.709,GCSFitzAndTheTantrumsInterstitial,SDR,24,1080,1920,720,1280
163,850,AVC,bt.709,GCSFitzAndTheTantrumsInterstitial,SDR,24,1080,1920,720,1280
164,3000,AVC,bt.709,GCSFitzAndTheTantrumsInterstitial,SDR,24,1080,1920,1080,1920
165,4500,AVC,bt.709,GCSFitzAndTheTantrumsInterstitial,SDR,24,1080,1920,1080,1920
166,7000,AVC,bt.709,GCSFitzAndTheTantrumsInterstitial,SDR,24,1080,1920,1080,1920
167,850,AVC,bt.709,GCSFitzAndTheTantrumsInterstitial,SDR,24,1080,1920,360,640
168,1300,AVC,bt.709,GCSFitzAndTheTantrumsInterstitial,SDR,24,1080,1920,540,960
169,1300,HEVC,bt.709,GCSFitzAndTheTantrumsInterstitial,SDR,24,1080,1920,720,1280
170,2000,HEVC,bt.709,GCSFitzAndTheTantrumsInterstitial,SDR,24,1080,1920,720,1280
171,3000,HEVC,bt.709,GCSFitzAndTheTantrumsInterstitial,SDR,24,1080,1920,720,1280
172,4500,HEVC,bt.709,GCSFitzAndTheTantrumsInterstitial,SDR,24,1080,1920,720,1280
173,850,HEVC,bt.709,GCSFitzAndTheTantrumsInterstitial,SDR,24,1080,1920,720,1280
174,3000,HEVC,bt.709,GCSFitzAndTheTantrumsInterstitial,SDR,24,1080,1920,1080,1920
175,4500,HEVC,bt.709,GCSFitzAndTheTantrumsInterstitial,SDR,24,1080,1920,1080,1920
176,850,HEVC,bt.709,GCSFitzAndTheTantrumsInterstitial,SDR,24,1080,1920,360,640
177,7000,HEVC,bt.709,GCSFitzAndTheTantrumsInterstitial,SDR,24,1080,1920,1080,1920
178,1300,HEVC,bt.709,GCSFitzAndTheTantrumsInterstitial,SDR,24,1080,1920,540,960
179,1300,AVC,bt.709,GCSShawnHookInterstitial,SDR,24,1080,1920,720,1280
180,2000,AVC,bt.709,GCSShawnHookInterstitial,SDR,24,1080,1920,720,1280
181,3000,AVC,bt.709,GCSShawnHookInterstitial,SDR,24,1080,1920,720,1280
182,4500,AVC,bt.709,GCSShawnHookInterstitial,SDR,24,1080,1920,720,1280
183,850,AVC,bt.709,GCSShawnHookInterstitial,SDR,24,1080,1920,720,1280
184,4500,AVC,bt.709,GCSShawnHookInterstitial,SDR,24,1080,1920,1080,1920
185,3000,AVC,bt.709,GCSShawnHookInterstitial,SDR,24,1080,1920,1080,1920
186,7000,AVC,bt.709,GCSShawnHookInterstitial,SDR,24,1080,1920,1080,1920
187,850,AVC,bt.709,GCSShawnHookInterstitial,SDR,24,1080,1920,360,640
188,1300,AVC,bt.709,GCSShawnHookInterstitial,SDR,24,1080,1920,540,960
189,1300,HEVC,bt.709,GarthBrooksConcert,SDR,29,1080,1920,720,1280
190,2200,HEVC,bt.709,GarthBrooksConcert,SDR,29,1080,1920,720,1280
191,850,HEVC,bt.709,GarthBrooksConcert,SDR,29,1080,1920,720,1280
192,1300,HEVC,bt.709,GarthBrooksConcert,SDR,60,1080,1920,720,1280
193,2200,HEVC,bt.709,GarthBrooksConcert,SDR,60,1080,1920,720,1280
194,3500,HEVC,bt.709,GarthBrooksConcert,SDR,60,1080,1920,720,1280
195,5300,HEVC,bt.709,GarthBrooksConcert,SDR,60,1080,1920,720,1280
196,3500,HEVC,bt.709,GarthBrooksConcert,SDR,60,1080,1920,1080,1920
197,5300,HEVC,bt.709,GarthBrooksConcert,SDR,60,1080,1920,1080,1920
198,850,HEVC,bt.709,GarthBrooksConcert,SDR,29,1080,1920,360,640
199,1300,HEVC,bt.709,GarthBrooksConcert,SDR,29,1080,1920,540,960
200,8000,HEVC,bt.709,GarthBrooksConcert,SDR,60,1080,1920,1080,1920
201,1300,HEVC,bt.709,MLBCubsNats,SDR,29,1080,1920,720,1280
202,2200,HEVC,bt.709,MLBCubsNats,SDR,29,1080,1920,720,1280
203,850,HEVC,bt.709,MLBCubsNats,SDR,29,1080,1920,720,1280
204,1300,HEVC,bt.709,MLBCubsNats,SDR,60,1080,1920,720,1280
205,2200,HEVC,bt.709,MLBCubsNats,SDR,60,1080,1920,720,1280
206,3500,HEVC,bt.709,MLBCubsNats,SDR,60,1080,1920,720,1280
207,3500,HEVC,bt.709,MLBCubsNats,SDR,60,1080,1920,1080,1920
208,5300,HEVC,bt.709,MLBCubsNats,SDR,60,1080,1920,720,1280
209,8000,HEVC,bt.709,MLBCubsNats,SDR,60,1080,1920,1080,1920
210,1300,HEVC,bt.709,MLBCubsNats,SDR,29,1080,1920,540,960
211,1300,HEVC,bt.709,NBALAClippers,SDR,29,1080,1920,720,1280
212,850,HEVC,bt.709,NBALAClippers,SDR,29,1080,1920,720,1280
213,5300,HEVC,bt.709,MLBCubsNats,SDR,60,1080,1920,1080,1920
214,850,HEVC,bt.709,MLBCubsNats,SDR,29,1080,1920,360,640
215,2200,HEVC,bt.709,NBALAClippers,SDR,29,1080,1920,720,1280
216,2200,HEVC,bt.709,NBALAClippers,SDR,60,1080,1920,720,1280
217,1300,HEVC,bt.709,NBALAClippers,SDR,60,1080,1920,720,1280
218,3500,HEVC,bt.709,NBALAClippers,SDR,60,1080,1920,720,1280
219,3500,HEVC,bt.709,NBALAClippers,SDR,60,1080,1920,1080,1920
220,5300,HEVC,bt.709,NBALAClippers,SDR,60,1080,1920,720,1280
221,5300,HEVC,bt.709,NBALAClippers,SDR,60,1080,1920,1080,1920
222,850,HEVC,bt.709,NBALAClippers,SDR,29,1080,1920,360,640
223,8000,HEVC,bt.709,NBALAClippers,SDR,60,1080,1920,1080,1920
224,1300,HEVC,bt.709,NBAMiamiHeat,SDR,29,1080,1920,720,1280
225,1300,HEVC,bt.709,NBALAClippers,SDR,29,1080,1920,540,960
226,2200,HEVC,bt.709,NBAMiamiHeat,SDR,29,1080,1920,720,1280
227,850,HEVC,bt.709,NBAMiamiHeat,SDR,29,1080,1920,720,1280
228,1300,HEVC,bt.709,NBAMiamiHeat,SDR,60,1080,1920,720,1280
229,2200,HEVC,bt.709,NBAMiamiHeat,SDR,60,1080,1920,720,1280
230,3500,HEVC,bt.709,NBAMiamiHeat,SDR,60,1080,1920,720,1280
231,5300,HEVC,bt.709,NBAMiamiHeat,SDR,60,1080,1920,720,1280
232,3500,HEVC,bt.709,NBAMiamiHeat,SDR,60,1080,1920,1080,1920
233,5300,HEVC,bt.709,NBAMiamiHeat,SDR,60,1080,1920,1080,1920
234,850,HEVC,bt.709,NBAMiamiHeat,SDR,29,1080,1920,360,640
235,8000,HEVC,bt.709,NBAMiamiHeat,SDR,60,1080,1920,1080,1920
236,1300,HEVC,bt.709,NBAMiamiHeat,SDR,29,1080,1920,540,960
237,1300,HEVC,bt.709,NBANuggetsBulls,SDR,29,1080,1920,720,1280
238,2200,HEVC,bt.709,NBANuggetsBulls,SDR,29,1080,1920,720,1280
239,850,HEVC,bt.709,NBANuggetsBulls,SDR,29,1080,1920,720,1280
240,1300,HEVC,bt.709,NBANuggetsBulls,SDR,60,1080,1920,720,1280
241,2200,HEVC,bt.709,NBANuggetsBulls,SDR,60,1080,1920,720,1280
242,3500,HEVC,bt.709,NBANuggetsBulls,SDR,60,1080,1920,720,1280
243,5300,HEVC,bt.709,NBANuggetsBulls,SDR,60,1080,1920,720,1280
244,3500,HEVC,bt.709,NBANuggetsBulls,SDR,60,1080,1920,1080,1920
245,5300,HEVC,bt.709,NBANuggetsBulls,SDR,60,1080,1920,1080,1920
246,8000,HEVC,bt.709,NBANuggetsBulls,SDR,60,1080,1920,1080,1920
247,850,HEVC,bt.709,NBANuggetsBulls,SDR,29,1080,1920,360,640
248,1300,HEVC,bt.709,NBANuggetsBulls,SDR,29,1080,1920,540,960
249,1300,HEVC,bt.709,NBAPacersRaptors,SDR,29,1080,1920,720,1280
250,2200,HEVC,bt.709,NBAPacersRaptors,SDR,29,1080,1920,720,1280
251,850,HEVC,bt.709,NBAPacersRaptors,SDR,29,1080,1920,720,1280
252,1300,HEVC,bt.709,NBAPacersRaptors,SDR,60,1080,1920,720,1280
253,2200,HEVC,bt.709,NBAPacersRaptors,SDR,60,1080,1920,720,1280
254,3500,HEVC,bt.709,NBAPacersRaptors,SDR,60,1080,1920,720,1280
255,5300,HEVC,bt.709,NBAPacersRaptors,SDR,60,1080,1920,720,1280
256,3500,HEVC,bt.709,NBAPacersRaptors,SDR,60,1080,1920,1080,1920
257,5300,HEVC,bt.709,NBAPacersRaptors,SDR,60,1080,1920,1080,1920
258,8000,HEVC,bt.709,NBAPacersRaptors,SDR,60,1080,1920,1080,1920
259,850,HEVC,bt.709,NBAPacersRaptors,SDR,29,1080,1920,360,640
260,1300,HEVC,bt.709,NBAPacersRaptors,SDR,29,1080,1920,540,960
261,1300,HEVC,bt.709,NBAUtahJazz,SDR,29,1080,1920,720,1280
262,850,HEVC,bt.709,NBAUtahJazz,SDR,29,1080,1920,720,1280
263,2200,HEVC,bt.709,NBAUtahJazz,SDR,29,1080,1920,720,1280
264,1300,HEVC,bt.709,NBAUtahJazz,SDR,60,1080,1920,720,1280
265,2200,HEVC,bt.709,NBAUtahJazz,SDR,60,1080,1920,720,1280
266,3500,HEVC,bt.709,NBAUtahJazz,SDR,60,1080,1920,720,1280
267,5300,HEVC,bt.709,NBAUtahJazz,SDR,60,1080,1920,720,1280
268,3500,HEVC,bt.709,NBAUtahJazz,SDR,60,1080,1920,1080,1920
269,5300,HEVC,bt.709,NBAUtahJazz,SDR,60,1080,1920,1080,1920
270,8000,HEVC,bt.709,NBAUtahJazz,SDR,60,1080,1920,1080,1920
271,1300,HEVC,bt.709,NBAUtahJazz,SDR,29,1080,1920,540,960
272,850,HEVC,bt.709,NBAUtahJazz,SDR,29,1080,1920,360,640
273,1300,HEVC,bt.709,OmnitekTestPattern,SDR,29,1080,1920,720,1280
274,1300,HEVC,bt.709,OmnitekTestPattern,SDR,60,1080,1920,720,1280
275,2200,HEVC,bt.709,OmnitekTestPattern,SDR,60,1080,1920,720,1280
276,2200,HEVC,bt.709,OmnitekTestPattern,SDR,29,1080,1920,720,1280
277,850,HEVC,bt.709,OmnitekTestPattern,SDR,29,1080,1920,720,1280
278,3500,HEVC,bt.709,OmnitekTestPattern,SDR,60,1080,1920,720,1280
279,5300,HEVC,bt.709,OmnitekTestPattern,SDR,60,1080,1920,720,1280
280,5300,HEVC,bt.709,OmnitekTestPattern,SDR,60,1080,1920,1080,1920
281,3500,HEVC,bt.709,OmnitekTestPattern,SDR,60,1080,1920,1080,1920
282,8000,HEVC,bt.709,OmnitekTestPattern,SDR,60,1080,1920,1080,1920
283,1300,HEVC,bt.709,OmnitekTestPattern,SDR,29,1080,1920,540,960
284,850,HEVC,bt.709,OmnitekTestPattern,SDR,29,1080,1920,360,640
285,1300,HEVC,bt.709,PGAChampionship2,SDR,29,1080,1920,720,1280
286,2200,HEVC,bt.709,PGAChampionship2,SDR,29,1080,1920,720,1280
287,850,HEVC,bt.709,PGAChampionship2,SDR,29,1080,1920,720,1280
288,2200,HEVC,bt.709,PGAChampionship2,SDR,60,1080,1920,720,1280
289,1300,HEVC,bt.709,PGAChampionship2,SDR,60,1080,1920,720,1280
290,3500,HEVC,bt.709,PGAChampionship2,SDR,60,1080,1920,720,1280
291,5300,HEVC,bt.709,PGAChampionship2,SDR,60,1080,1920,1080,1920
292,5300,HEVC,bt.709,PGAChampionship2,SDR,60,1080,1920,720,1280
293,3500,HEVC,bt.709,PGAChampionship2,SDR,60,1080,1920,1080,1920
294,850,HEVC,bt.709,PGAChampionship2,SDR,29,1080,1920,360,640
295,2200,HEVC,bt.709,PebbleBeachDemo,SDR,29,1080,1920,720,1280
296,8000,HEVC,bt.709,PGAChampionship2,SDR,60,1080,1920,1080,1920
297,1300,HEVC,bt.709,PebbleBeachDemo,SDR,29,1080,1920,720,1280
298,1300,HEVC,bt.709,PGAChampionship2,SDR,29,1080,1920,540,960
299,850,HEVC,bt.709,PebbleBeachDemo,SDR,29,1080,1920,720,1280
300,1300,HEVC,bt.709,PebbleBeachDemo,SDR,60,1080,1920,720,1280
301,2200,HEVC,bt.709,PebbleBeachDemo,SDR,60,1080,1920,720,1280
302,3500,HEVC,bt.709,PebbleBeachDemo,SDR,60,1080,1920,1080,1920
303,3500,HEVC,bt.709,PebbleBeachDemo,SDR,60,1080,1920,720,1280
304,5300,HEVC,bt.709,PebbleBeachDemo,SDR,60,1080,1920,720,1280
305,5300,HEVC,bt.709,PebbleBeachDemo,SDR,60,1080,1920,1080,1920
306,8000,HEVC,bt.709,PebbleBeachDemo,SDR,60,1080,1920,1080,1920
307,850,HEVC,bt.709,PebbleBeachDemo,SDR,29,1080,1920,360,640
308,1300,HEVC,bt.709,PebbleBeachDemo,SDR,29,1080,1920,540,960
309,1300,HEVC,bt.709,PromoGarth,SDR,29,1080,1920,720,1280
310,2200,HEVC,bt.709,PromoGarth,SDR,29,1080,1920,720,1280
311,850,HEVC,bt.709,PromoGarth,SDR,29,1080,1920,720,1280
312,1300,HEVC,bt.709,PromoGarth,SDR,60,1080,1920,720,1280
313,2200,HEVC,bt.709,PromoGarth,SDR,60,1080,1920,720,1280
314,3500,HEVC,bt.709,PromoGarth,SDR,60,1080,1920,720,1280
315,5300,HEVC,bt.709,PromoGarth,SDR,60,1080,1920,720,1280
316,3500,HEVC,bt.709,PromoGarth,SDR,60,1080,1920,1080,1920
317,5300,HEVC,bt.709,PromoGarth,SDR,60,1080,1920,1080,1920
318,8000,HEVC,bt.709,PromoGarth,SDR,60,1080,1920,1080,1920
319,850,HEVC,bt.709,PromoGarth,SDR,29,1080,1920,360,640
320,1300,HEVC,bt.709,PromoGarth,SDR,29,1080,1920,540,960
321,1300,HEVC,bt.709,RoseParade01,SDR,29,1080,1920,720,1280
322,2200,HEVC,bt.709,RoseParade01,SDR,29,1080,1920,720,1280
323,850,HEVC,bt.709,RoseParade01,SDR,29,1080,1920,720,1280
324,1300,HEVC,bt.709,RoseParade01,SDR,60,1080,1920,720,1280
325,2200,HEVC,bt.709,RoseParade01,SDR,60,1080,1920,720,1280
326,3500,HEVC,bt.709,RoseParade01,SDR,60,1080,1920,720,1280
327,8000,HEVC,bt.709,RoseParade01,SDR,60,1080,1920,1080,1920
328,5300,HEVC,bt.709,RoseParade01,SDR,60,1080,1920,720,1280
329,3500,HEVC,bt.709,RoseParade01,SDR,60,1080,1920,1080,1920
330,5300,HEVC,bt.709,RoseParade01,SDR,60,1080,1920,1080,1920
331,850,HEVC,bt.709,RoseParade01,SDR,29,1080,1920,360,640
332,1300,HEVC,bt.709,RoseParade01,SDR,29,1080,1920,540,960
333,1300,HEVC,bt.709,UFC200,SDR,29,1080,1920,720,1280
334,2200,HEVC,bt.709,UFC200,SDR,29,1080,1920,720,1280
335,850,HEVC,bt.709,UFC200,SDR,29,1080,1920,720,1280
336,1300,HEVC,bt.709,UFC200,SDR,60,1080,1920,720,1280
337,2200,HEVC,bt.709,UFC200,SDR,60,1080,1920,720,1280
338,3500,HEVC,bt.709,UFC200,SDR,60,1080,1920,720,1280
339,5300,HEVC,bt.709,UFC200,SDR,60,1080,1920,720,1280
340,5300,HEVC,bt.709,UFC200,SDR,60,1080,1920,1080,1920
341,3500,HEVC,bt.709,UFC200,SDR,60,1080,1920,1080,1920
342,8000,HEVC,bt.709,UFC200,SDR,60,1080,1920,1080,1920
343,850,HEVC,bt.709,UFC200,SDR,29,1080,1920,360,640
344,1300,HEVC,bt.709,UFC200,SDR,29,1080,1920,540,960
345,1300,HEVC,bt.709,UFC205AlvarezMcGregorRound1,SDR,29,1080,1920,720,1280
346,2200,HEVC,bt.709,UFC205AlvarezMcGregorRound1,SDR,29,1080,1920,720,1280
347,850,HEVC,bt.709,UFC205AlvarezMcGregorRound1,SDR,29,1080,1920,720,1280
348,1300,HEVC,bt.709,UFC205AlvarezMcGregorRound1,SDR,60,1080,1920,720,1280
349,2200,HEVC,bt.709,UFC205AlvarezMcGregorRound1,SDR,60,1080,1920,720,1280
350,3500,HEVC,bt.709,UFC205AlvarezMcGregorRound1,SDR,60,1080,1920,720,1280
351,5300,HEVC,bt.709,UFC205AlvarezMcGregorRound1,SDR,60,1080,1920,720,1280
352,3500,HEVC,bt.709,UFC205AlvarezMcGregorRound1,SDR,60,1080,1920,1080,1920
353,5300,HEVC,bt.709,UFC205AlvarezMcGregorRound1,SDR,60,1080,1920,1080,1920
354,8000,HEVC,bt.709,UFC205AlvarezMcGregorRound1,SDR,60,1080,1920,1080,1920
355,850,HEVC,bt.709,UFC205AlvarezMcGregorRound1,SDR,29,1080,1920,360,640
356,1300,HEVC,bt.709,UFC205AlvarezMcGregorRound1,SDR,29,1080,1920,540,960
357,1300,HEVC,bt.709,UFC207RouseyNunes,SDR,29,1080,1920,720,1280
358,1300,HEVC,bt.709,UFC207RouseyNunes,SDR,60,1080,1920,720,1280
359,850,HEVC,bt.709,UFC207RouseyNunes,SDR,29,1080,1920,720,1280
360,2200,HEVC,bt.709,UFC207RouseyNunes,SDR,29,1080,1920,720,1280
361,2200,HEVC,bt.709,UFC207RouseyNunes,SDR,60,1080,1920,720,1280
362,3500,HEVC,bt.709,UFC207RouseyNunes,SDR,60,1080,1920,720,1280
363,5300,HEVC,bt.709,UFC207RouseyNunes,SDR,60,1080,1920,720,1280
364,3500,HEVC,bt.709,UFC207RouseyNunes,SDR,60,1080,1920,1080,1920
365,5300,HEVC,bt.709,UFC207RouseyNunes,SDR,60,1080,1920,1080,1920
366,8000,HEVC,bt.709,UFC207RouseyNunes,SDR,60,1080,1920,1080,1920
367,850,HEVC,bt.709,UFC207RouseyNunes,SDR,29,1080,1920,360,640
368,1300,HEVC,bt.709,UFC207RouseyNunes,SDR,29,1080,1920,540,960